,Q3_1,Q3_2,Q3_3,Q3_4,Q3_5,Q3_6,Q3_7,Q3_8,Q3_9,Q3_10,Q3_11,Q6_1,Q6_2,Q6_3,Q6_4,Q6_5,Q6_6,Q6_7,Q6_8,Q6_9,Q6_10,Q6_11,Q6_12,Q6_13,Q6_14,Q6_15,Q5_1,Q5_2,Q5_3,Q5_4,Q5_5,Q5_6,Q5_7,Q5_8,Q5_9,Q5_10,Q5_11,Q5_12,Q5_13,Q4_1,Q4_2,Q4_3,Q4_4,Q4_5,Q4_6,Q4_7,Q4_8,Q4_9,Q4_10,Q4_11,Q4_12,Q4_13,Q4_14
Blinded ID,Please read each statement and select your level of agreement - I often think about using statistical skills to answer research questions,Please read each statement and select your level of agreement - I want to learn how to confidently communicate statistical findings,Please read each statement and select your level of agreement - I am excited to learn about combining theoretical/ statistical tools with my major-specific knowledge to solve complex problems,Please read each statement and select your level of agreement - I want to learn advanced skills such as statistical model development and machine learning,Please read each statement and select your level of agreement - I want to learn how to use data science skills to solve complex problems in my field,Please read each statement and select your level of agreement - I want to learn how to gain knowledge and insights from large datasets,Please read each statement and select your level of agreement - I am interested in learning data management skills,Please read each statement and select your level of agreement - I am interested in using data for decision-making,Please read each statement and select your level of agreement - I want to apply statistical skills in most of my classes,Please read each statement and select your level of agreement - I am interested in gaining statistical skills,Please read each statement and select your level of agreement - I am interested in data analysis,Please read each statement and select your level of agreement - I want my work for the rest of my life to involve all aspects of data science,Please read each statement and select your level of agreement - In my future work I will analyze data in order to implement solutions to complex problems in my field,Please read each statement and select your level of agreement - I want a career that involves working with large datasets,Please read each statement and select your level of agreement - I want to communicate the data analysis results in a clear and efficient way at my job,Please read each statement and select your level of agreement - My future career will involve data visualization,Please read each statement and select your level of agreement - I think my job in the future will involve data analysis,Please read each statement and select your level of agreement - I am interested in a job that involves communication of statistical results,Please read each statement and select your level of agreement - At some point in my career I could be asked to solve problems using large data-sets,Please read each statement and select your level of agreement - I may use different programming languages in my future career,Please read each statement and select your level of agreement - Part of my future job may include developing models from data,Please read each statement and select your level of agreement - Data science skills will help me secure a job after college,Please read each statement and select your level of agreement - My future employers could ask me to analyze data,"Please read each statement and select your level of agreement - At some point in my career, I may be asked to visualize statistical results",Please read each statement and select your level of agreement - I think my future career might involve using scientific or research methodologies,Please read each statement and select your level of agreement - I have a desire to be a data scientist,Please read each statement and select your level of agreement - Being able to draw meaningful conclusions from complex data sets using data science tools is valuable in my field,Please read each statement and select your level of agreement - Analyzing large datasets is necessary to solve complex problems,Please read each statement and select your level of agreement - It is important for society to combine field-specific knowledge with statistical tools to solve complex problems,Please read each statement and select your level of agreement - The ability to use data to answer complex questions is an essential skill in the world today,Please read each statement and select your level of agreement - It is essential to communicate data analysis results in a clear and efficient way,Please read each statement and select your level of agreement - Data science training will help me succeed in my major,Please read each statement and select your level of agreement - Data analysis can help businesses solve problems,Please read each statement and select your level of agreement - Statistical model development is helpful in providing innovative solutions in a variety of industrial problems,Please read each statement and select your level of agreement - Visualizing and communicating results is useful in most professions,Please read each statement and select your level of agreement - The field in which I wish to work will benefit from data-driven decision making,Please read each statement and select your level of agreement - I will benefit from taking data science coursework,Please read each statement and select your level of agreement - Data science techniques are useful when dealing with real-world problems,Please read each statement and select your level of agreement - Data science skills are helpful on the job market,Please read each statement and select your level of agreement - I will be capable of analyzing large datasets,Please read each statement and select your level of agreement - I have confidence in my ability to succeed in a data science field,Please read each statement and select your level of agreement - I will excel at communicating findings of statistical analyses,Please read each statement and select your level of agreement - I have confidence in mastering various statistical skills,Please read each statement and select your level of agreement - I will excel in the data science components of my courses,Please read each statement and select your level of agreement - I can work through statistical problems that I do not understand,Please read each statement and select your level of agreement - I know that I can develop strong coding skills,Please read each statement and select your level of agreement - I can learn data visualization to explain statistical findings,Please read each statement and select your level of agreement - I think I will be able to handle large datasets to develop problem-solving techniques,Please read each statement and select your level of agreement - I think I can develop strong data analysis skills,Please read each statement and select your level of agreement - I think I can learn data science,Please read each statement and select your level of agreement - I am fine with handling large datasets,Please read each statement and select your level of agreement - I am fine with statistical data modeling,Please read each statement and select your level of agreement - Taking courses with programming components is ok with me
,,,,,,,,,,,,,,,,,,,,,,,,,,,,,,,,,,,,,,,,,,,,,,,,,,,,,
1,5,5,5,4,5,5,5,5,5,5,5,5,5,5,5,5,5,5,5,4,5,5,5,,4,5,5,5,,5,5,5,5,5,5,5,5,5,5,5,5,5,4,4,4,5,5,5,5,5,5,5,5
2,5,5,5,5,5,5,5,5,5,5,5,5,5,5,5,5,5,5,5,5,5,5,5,5,5,5,5,5,5,5,5,5,5,5,5,5,5,5,5,4,3,5,4,5,5,4,4,4,5,5,4,4,5
3,2,4,4,4,4,3,4,4,2,5,4,2,2,3,3,3,4,4,4,4,4,4,4,4,4,3,4,4,4,5,5,4,5,4,4,4,5,4,5,4,4,4,2,3,4,4,4,2,5,4,4,2,5
4,1,1,1,1,5,5,1,1,1,1,5,1,5,5,1,5,5,1,1,5,5,1,5,5,4,4,1,1,1,1,1,1,1,1,1,1,1,1,1,5,5,5,5,5,3,5,4,5,5,5,3,5,4
5,5,5,5,5,5,5,5,5,5,5,5,3,4,3,5,4,4,4,5,4,5,5,5,5,4,4,4,4,5,5,5,3,5,5,4,5,5,5,5,5,5,4,5,5,5,5,5,5,5,5,5,5,5
6,4,5,5,5,5,5,5,5,5,5,5,3,5,4,5,5,5,4,5,5,5,5,5,5,5,4,5,5,5,5,5,5,5,5,5,5,5,5,5,5,5,5,5,5,5,5,5,5,5,5,5,5,5
7,3,5,5,5,5,5,5,5,5,5,5,5,5,3,5,5,4,5,5,5,5,5,5,5,5,3,5,5,5,5,5,5,5,5,5,5,5,5,5,5,5,5,2,5,5,5,5,5,5,5,5,5,5
8,4,5,5,5,4,4,4,5,5,5,5,4,4,4,4,4,4,4,4,3,4,4,4,4,3,3,5,4,4,5,5,3,4,4,5,3,4,5,5,4,4,3,3,4,4,4,4,4,4,5,4,4,5
9,4,4,4,4,4,4,4,4,5,4,5,5,4,4,4,5,4,5,3,4,4,5,5,4,4,4,4,4,4,4,3,4,3,3,4,5,4,4,4,4,4,5,4,3,4,4,4,4,5,4,4,3,5
10,5,5,5,4,5,4,5,5,4,5,4,2,4,2,5,3,3,4,4,2,3,5,4,5,3,2,5,4,5,5,5,4,5,5,5,4,5,5,5,4,4,4,3,3,4,5,5,4,5,5,4,3,4
11,5,5,5,5,5,5,5,5,5,5,5,5,5,5,5,5,5,5,5,5,5,5,5,5,5,5,5,5,5,5,5,5,5,5,5,5,5,5,5,5,5,5,5,5,5,5,5,5,5,5,5,5,5
12,5,5,4,5,4,5,5,4,3,5,5,4,4,4,5,5,5,4,5,5,5,5,5,5,4,4,5,2,5,5,5,5,5,4,5,5,5,4,5,4,2,2,2,2,1,4,4,1,2,4,2,2,5
13,4,4,4,4,4,4,4,4,4,4,4,3,4,3,5,4,4,4,5,3,4,5,4,5,5,4,5,5,5,5,5,5,5,5,5,5,5,5,5,4,4,4,4,4,4,4,4,4,4,4,3,4,4
14,3,3,3,3,3,3,3,3,3,3,3,3,3,3,3,3,3,3,3,3,3,3,3,3,3,2,3,3,3,2,3,3,3,3,3,3,3,3,3,3,3,3,3,3,3,3,3,3,3,3,3,3,5
15,4,4,4,4,5,4,4,4,3,4,,4,5,4,5,4,5,5,5,5,5,5,5,5,5,4,5,5,5,5,5,4,4,5,5,5,5,4,4,4,4,4,5,4,4,4,4,4,4,5,4,4,4
16,2,3,3,4,3,3,3,3,3,4,3,3,2,2,3,3,3,2,3,3,3,3,3,3,4,3,2,4,3,3,5,2,3,3,4,2,3,3,4,4,4,3,4,4,4,4,4,3,4,4,4,3,4
17,3,4,5,4,4,4,4,4,5,4,5,3,4,3,4,4,4,4,4,4,4,4,4,4,4,3,5,4,5,5,5,4,5,5,5,4,4,5,4,3,3,3,2,3,3,3,4,3,3,3,2,2,3
18,5,5,5,5,5,5,5,5,5,5,5,4,5,4,5,5,4,5,5,5,5,4,5,4,4,3,5,5,5,5,5,5,5,5,5,5,5,5,5,5,5,5,5,5,5,5,5,5,5,5,5,5,5
19,5,5,5,4,5,4,4,4,5,5,4,4,5,4,4,4,4,4,4,4,4,4,4,4,4,4,3,3,4,4,4,4,4,5,4,5,4,4,5,4,4,4,2,4,5,4,4,4,4,4,4,3,4
20,4,5,5,5,5,5,5,5,4,5,5,4,5,4,5,4,4,4,5,5,5,4,5,5,4,4,4,5,5,5,5,4,5,4,5,5,5,5,5,5,4,4,4,4,4,4,4,4,4,4,4,3,5
21,3,4,4,3,4,4,3,3,3,4,4,3,4,3,5,3,4,3,3,4,4,4,5,4,5,2,5,4,4,5,5,4,4,4,5,3,4,4,5,4,4,4,4,4,3,4,5,3,4,4,4,3,3
22,5,5,5,5,5,5,5,4,5,5,4,3,4,3,3,3,4,3,3,4,4,4,4,3,5,3,4,4,4,4,4,4,4,4,4,4,4,4,4,4,4,4,4,4,4,4,4,4,4,4,4,3,4
23,3,5,4,2,4,4,4,4,2,5,3,2,2,2,4,4,3,3,4,2,2,3,2,4,4,2,4,4,4,3,5,4,5,4,4,4,4,4,4,3,3,2,2,4,3,2,4,3,4,3,1,2,1
24,4,4,4,2,4,5,4,5,4,5,5,1,4,2,4,5,2,4,3,4,4,4,4,5,1,2,5,4,4,5,5,4,5,5,5,4,5,5,5,5,4,5,4,4,2,4,4,4,5,4,2,5,2
25,4,5,5,4,5,5,4,5,3,5,5,4,5,4,5,4,5,5,5,5,5,5,5,5,5,5,5,5,5,5,5,5,5,5,5,5,5,5,5,5,5,5,4,4,2,5,5,4,5,5,4,3,5
26,4,5,4,4,4,4,4,4,4,5,2,4,4,4,4,4,4,5,4,4,5,5,4,5,5,2,5,4,5,5,5,4,5,5,5,5,5,5,5,4,1,4,3,4,4,4,4,4,5,4,2,4,4
27,1,3,2,2,1,3,1,1,2,1,1,1,3,1,5,5,4,2,3,4,4,4,4,5,4,1,3,1,4,2,4,4,4,3,4,2,3,3,3,3,3,2,3,3,2,4,4,3,4,4,2,4,2
28,3,4,4,4,4,4,5,4,3,5,3,2,4,4,4,3,4,2,4,4,4,4,4,4,4,2,4,4,4,4,4,4,4,4,4,4,4,4,4,4,4,2,4,4,2,4,4,4,4,4,4,4,4
29,5,5,5,3,5,5,5,5,5,5,3,3,4,4,5,4,4,4,5,5,5,5,5,4,5,3,5,5,5,5,5,5,5,5,5,5,5,5,5,5,5,5,5,5,5,3,5,5,5,5,5,5,5
30,1,1,1,1,1,1,1,1,1,1,1,2,4,1,2,4,4,2,4,1,4,5,4,4,4,1,5,5,5,5,5,5,5,5,5,5,5,5,5,4,2,3,3,1,4,4,3,2,4,5,3,3,1
31,3,5,2,3,4,3,4,4,3,4,2,1,3,1,5,5,2,3,3,4,3,4,4,5,4,2,4,4,5,4,5,5,5,4,5,4,4,4,4,3,4,4,3,4,2,3,4,2,4,4,3,4,3
32,4,5,5,5,5,5,5,5,4,5,4,2,5,4,4,5,5,4,5,4,5,5,4,5,5,3,5,4,4,5,5,5,5,5,5,5,5,5,5,4,4,4,4,3,3,3,3,4,5,5,4,4,3
33,4,5,4,4,4,2,4,4,2,5,2,3,4,2,3,5,4,4,4,4,5,4,4,5,4,2,4,4,5,5,5,4,4,5,5,5,5,4,4,4,4,4,4,4,4,2,4,3,4,4,4,3,2
34,2,4,2,2,4,4,3,3,1,4,2,1,1,1,2,1,1,2,2,1,1,4,2,1,3,1,4,4,4,5,4,4,4,4,3,4,4,4,4,4,3,4,3,3,3,2,3,3,4,4,3,3,2
35,5,5,5,5,5,5,5,5,5,5,5,2,5,1,5,4,3,3,4,3,3,3,4,5,5,1,5,5,5,5,5,5,5,5,5,5,5,5,5,5,5,5,5,5,5,5,5,5,5,5,5,5,5
36,4,5,5,4,5,4,4,5,5,5,4,3,4,5,5,5,5,4,5,4,4,4,4,5,4,3,5,5,5,5,5,5,5,5,4,5,4,5,5,4,4,3,2,3,2,2,3,2,4,4,2,4,3
37,5,5,5,5,5,5,5,5,5,5,5,5,5,5,5,5,5,5,5,5,5,5,5,5,5,5,5,5,5,5,5,5,5,5,5,5,5,5,5,5,5,5,5,5,5,5,5,5,5,5,5,5,5
38,4,4,3,4,4,4,5,5,4,5,3,3,5,3,4,4,4,3,4,3,4,5,4,5,4,2,5,4,5,5,5,4,5,5,5,4,4,5,5,3,2,3,2,3,2,3,3,3,4,4,2,3,4
39,3,4,3,2,4,4,2,3,2,4,3,1,3,2,4,3,2,2,3,1,2,3,3,3,3,2,3,4,4,3,4,3,4,4,4,3,3,3,4,3,3,2,3,3,3,1,3,3,4,4,4,3,2
40,3,4,3,5,5,4,3,3,3,5,1,1,5,3,5,5,4,3,5,3,5,5,5,5,5,1,5,5,5,5,5,5,5,5,5,5,3,5,5,4,4,4,4,4,5,3,5,4,4,5,4,4,4
41,3,4,4,3,4,4,4,4,3,4,4,3,4,3,4,4,4,3,3,3,4,4,4,4,5,3,4,4,4,4,4,3,4,4,4,4,4,4,4,4,3,2,3,3,2,3,4,3,3,4,3,2,4
42,2,3,2,2,2,2,2,2,2,3,2,2,1,1,3,2,2,1,3,1,1,3,3,4,1,2,3,3,4,4,4,3,4,4,3,4,4,4,4,3,3,2,3,3,3,1,4,3,3,4,4,3,3
43,5,5,5,5,5,5,5,5,5,5,5,3,5,4,5,5,5,5,5,5,5,5,5,5,5,3,5,5,5,5,5,5,5,5,5,5,5,5,5,4,3,4,3,3,4,3,4,4,4,4,4,4,4
44,4,1,1,1,1,1,4,4,1,4,2,1,2,1,2,1,2,1,1,2,4,4,2,1,4,1,4,4,5,4,4,2,4,4,3,2,2,4,4,1,1,2,2,2,2,2,1,1,1,2,1,2,2
45,4,4,4,4,4,4,4,4,4,4,4,3,3,3,5,4,3,4,4,4,4,4,5,4,4,3,5,5,5,5,5,4,5,4,5,5,5,5,5,4,4,4,4,4,4,4,5,5,5,5,4,4,4
46,3,3,3,4,3,3,3,4,3,4,3,2,4,3,4,3,4,3,4,4,4,3,4,4,4,2,4,4,4,3,5,4,5,3,5,4,3,4,3,3,3,3,2,3,3,4,4,3,3,4,2,2,4
47,1,2,1,2,1,2,2,2,3,2,2,3,2,3,2,2,4,3,2,3,4,2,2,2,2,4,1,2,1,2,1,2,1,1,2,2,2,2,2,3,3,2,3,3,3,2,2,3,2,1,3,4,2
48,1,2,2,1,1,1,1,1,2,2,1,1,1,1,4,2,3,2,4,3,1,3,3,4,4,1,3,3,5,4,5,3,5,3,4,2,4,3,5,3,3,3,2,3,2,2,4,3,4,3,2,2,4
49,3,3,3,3,3,3,3,3,3,3,3,3,3,3,3,3,3,3,3,3,3,3,3,3,3,3,4,4,4,4,4,4,4,4,4,4,4,4,4,3,3,1,1,1,3,1,3,1,4,3,1,1,1
50,4,5,5,5,5,5,5,5,4,5,5,3,4,4,4,5,4,4,5,3,4,5,5,5,4,3,5,4,5,5,5,5,5,5,5,5,5,5,5,4,4,4,4,4,4,5,5,5,5,5,4,4,4
51,4,4,4,2,4,4,4,4,4,4,4,3,4,3,4,3,5,3,4,2,4,4,5,5,3,1,4,4,5,4,5,4,5,4,4,4,4,5,5,5,4,5,5,4,4,5,4,4,5,5,4,4,2
52,3,5,4,2,3,4,3,4,3,4,4,2,4,2,5,2,4,2,4,3,2,4,5,5,5,1,4,4,3,4,5,3,5,5,5,4,4,4,4,3,1,2,3,2,3,3,4,3,4,4,2,2,3
53,3,3,2,2,3,4,3,3,2,3,2,1,4,4,4,4,4,3,4,1,4,3,4,4,3,2,4,4,4,4,4,3,4,4,5,4,3,4,4,3,3,3,3,3,3,2,4,3,3,3,3,3,1
54,2,3,2,1,3,2,1,3,1,2,1,1,5,4,3,3,3,2,3,1,4,3,4,4,5,1,5,4,5,4,5,4,4,4,4,4,4,5,4,3,3,3,3,3,3,3,3,3,3,3,3,3,3
55,3,3,3,3,2,3,3,3,3,3,3,1,3,3,5,3,3,3,5,5,3,4,3,3,5,1,3,4,5,4,3,3,3,4,4,3,3,4,4,3,3,1,2,3,1,4,4,3,3,5,3,3,2
56,4,4,3,3,4,4,3,4,4,4,3,3,4,3,4,4,4,4,4,3,4,3,4,4,4,3,4,4,4,4,3,4,3,3,4,4,3,4,4,3,3,3,3,3,3,2,3,3,4,4,3,3,3
57,4,4,4,4,4,4,4,4,4,4,4,4,4,4,4,4,4,4,4,4,4,4,4,4,4,4,4,4,4,4,4,4,4,4,4,4,4,4,4,4,4,4,4,4,4,4,4,4,4,4,4,4,4
58,3,5,3,3,3,4,3,4,3,4,2,2,4,2,4,2,4,4,3,2,3,2,3,4,5,1,5,4,4,4,5,4,5,5,5,5,4,4,4,3,2,3,2,3,3,3,4,4,4,4,2,2,3
59,3,4,3,2,3,4,3,4,4,4,4,3,4,3,4,4,4,4,4,4,4,4,4,4,4,3,4,3,4,4,4,4,4,4,4,3,3,4,4,3,4,3,3,3,4,4,4,4,4,4,3,3,4
60,5,5,5,5,5,5,4,5,2,5,5,3,5,4,5,5,5,5,5,5,5,5,5,5,5,3,3,5,5,5,5,5,5,5,5,5,5,5,4,4,3,5,5,4,2,5,5,4,4,5,3,5,5
61,4,5,5,5,5,5,3,5,4,5,3,2,4,2,4,3,3,4,4,3,4,4,4,4,5,2,5,5,4,5,5,4,5,4,4,5,5,5,5,4,4,4,4,3,3,4,3,4,4,4,3,2,3
62,5,4,4,4,4,4,4,5,5,5,5,4,4,4,4,4,4,4,5,4,4,4,4,4,4,3,4,4,4,4,4,4,4,4,4,4,4,4,4,4,4,4,4,3,4,3,4,3,4,4,4,4,4
63,3,4,3,3,4,4,4,4,4,4,4,3,5,4,5,5,5,4,4,5,5,5,5,5,5,4,5,5,5,5,5,5,5,5,5,5,5,5,5,4,4,3,4,4,2,4,4,2,4,5,3,3,5
64,2,4,4,4,5,5,4,4,4,4,4,2,2,1,4,4,4,4,4,4,3,4,4,4,4,1,4,5,5,5,5,5,5,4,5,5,5,5,5,4,2,4,4,2,4,4,4,4,4,4,4,4,4
65,4,4,4,4,4,4,4,4,4,4,4,4,3,3,4,3,4,4,4,2,3,4,4,4,3,3,4,3,4,4,5,3,4,4,5,3,5,4,4,4,3,4,3,4,3,2,4,4,4,4,4,3,2
66,5,5,5,5,5,5,5,5,5,5,5,3,5,5,5,5,5,5,5,5,5,5,5,5,5,3,5,5,5,5,5,5,5,5,5,5,5,5,5,4,5,5,5,5,5,5,5,5,5,5,4,5,5
67,1,2,1,1,4,4,4,2,2,2,4,1,4,1,4,4,4,4,1,4,1,4,5,4,5,1,3,4,5,4,5,4,4,4,4,4,4,4,4,4,2,4,1,3,2,4,4,4,4,4,2,4,3
68,4,5,4,4,4,4,4,5,4,4,4,3,4,3,5,4,4,5,4,1,4,5,4,5,4,2,5,4,5,5,5,5,5,5,5,4,5,5,5,2,3,4,2,2,2,2,4,1,4,4,2,2,3
69,3,3,2,3,3,3,2,3,3,3,2,3,3,2,3,3,3,3,3,3,3,3,3,3,3,3,3,3,3,3,3,3,3,3,3,3,3,3,3,3,3,3,3,3,3,3,3,3,3,3,3,3,3
70,2,3,2,2,3,3,2,3,2,3,2,3,2,3,4,3,3,2,2,2,3,4,3,3,4,3,3,4,4,3,4,4,4,4,4,5,4,5,4,3,3,2,3,3,2,1,3,2,4,3,2,3,1
71,4,5,5,5,5,5,5,5,4,5,4,2,4,4,5,5,5,4,4,5,5,5,5,5,4,4,4,4,5,5,5,5,5,5,5,4,5,5,5,4,5,4,5,4,4,4,5,5,5,5,3,5,5
72,4,5,4,4,4,4,4,4,5,5,3,5,4,4,5,5,4,4,5,5,5,4,4,5,3,5,5,4,4,5,5,2,5,4,5,3,5,5,5,4,5,5,4,5,5,4,5,4,4,5,5,5,5
73,4,5,3,5,5,4,5,4,4,4,4,3,4,2,4,4,4,4,4,4,4,3,4,4,4,2,5,3,5,5,5,4,5,4,5,5,4,5,5,4,3,3,3,3,3,3,4,3,4,4,3,3,4
74,5,5,5,5,5,5,5,5,5,5,5,2,4,2,4,4,4,4,4,3,4,4,4,5,4,2,4,4,4,4,4,4,4,4,4,4,4,4,4,4,3,3,4,2,3,2,2,2,3,4,2,2,1
75,5,5,5,5,5,5,5,5,5,5,5,5,5,5,5,5,5,5,5,5,5,5,5,5,5,2,5,5,5,5,5,5,5,5,5,5,5,5,5,4,4,3,2,4,3,2,2,2,4,4,3,2,1
76,5,5,5,5,5,5,5,5,5,5,5,3,5,4,5,4,4,4,5,5,4,4,5,5,5,3,5,5,5,5,5,5,5,5,5,5,5,5,5,4,4,5,5,4,5,5,4,4,5,5,5,4,5
77,4,4,4,4,4,4,4,4,4,4,4,4,4,4,4,4,4,4,4,4,4,4,4,4,4,4,4,4,4,4,4,4,4,4,4,4,4,4,4,4,4,4,4,4,4,4,4,4,4,4,4,4,4
78,1,1,1,1,1,1,1,1,1,1,1,1,1,1,1,1,2,1,1,1,1,1,1,1,3,1,4,2,3,4,4,2,3,4,4,2,2,2,4,2,3,2,2,3,2,2,3,3,2,3,3,2,2
79,5,4,5,3,5,5,4,5,5,4,4,3,5,4,5,4,5,4,5,4,4,4,5,5,5,3,4,4,5,4,4,4,4,4,5,4,4,4,4,4,5,5,4,5,4,4,4,4,5,4,3,5,4
80,4,4,4,4,4,4,4,4,4,4,4,4,5,4,5,5,4,5,4,5,4,4,5,4,4,2,4,5,4,4,5,4,4,5,5,4,4,3,4,4,4,4,4,4,4,4,4,4,4,5,4,4,4
81,4,4,3,4,4,4,4,4,4,4,3,3,3,3,5,3,3,3,4,5,4,3,4,4,3,3,4,3,3,5,5,4,4,4,5,3,4,4,4,3,3,5,3,3,4,5,5,3,4,4,3,3,5
82,5,5,5,5,5,5,5,5,5,5,5,3,4,5,5,5,4,4,4,5,4,3,4,5,5,4,5,5,5,5,5,5,5,5,5,5,5,5,5,5,5,5,5,5,5,5,5,5,5,5,5,5,5
83,5,5,5,5,5,5,5,5,5,5,5,5,5,5,5,5,5,5,5,5,5,5,5,5,5,5,5,5,5,5,5,5,5,5,5,5,5,5,5,5,5,5,5,5,5,5,5,5,5,5,5,5,5
84,5,5,5,5,5,5,5,5,5,5,5,5,5,5,5,5,5,5,5,5,5,5,5,5,5,4,5,4,5,5,5,5,5,5,5,5,5,5,5,5,5,5,5,5,4,5,5,5,5,5,5,5,5
85,3,4,4,4,4,2,2,4,2,4,3,3,4,3,4,4,4,3,4,4,4,4,4,4,4,2,4,4,4,4,4,4,4,4,4,4,4,4,4,4,4,4,4,4,3,4,4,4,4,4,4,3,4
86,3,3,3,3,3,3,3,3,3,3,3,3,3,3,3,3,3,3,3,3,3,3,3,3,3,3,3,3,3,3,3,3,3,3,3,3,3,3,3,1,1,1,1,2,3,1,1,3,3,3,3,1,1
87,3,4,3,3,4,4,4,4,3,4,4,3,4,3,4,2,4,4,4,3,4,4,4,4,4,2,4,5,4,4,4,4,5,5,3,4,4,5,4,3,2,3,2,2,3,2,4,4,4,4,3,4,4
88,2,2,2,1,2,2,2,2,2,1,2,1,2,2,4,2,4,2,1,1,3,3,4,5,5,2,5,4,4,4,5,4,5,4,5,3,4,4,4,4,4,4,4,4,4,2,5,3,4,4,4,4,2
89,3,3,3,3,3,3,3,3,3,3,3,3,4,4,3,4,4,4,4,4,4,3,3,4,4,3,4,4,4,3,4,3,4,4,4,4,4,4,3,3,3,3,3,4,3,3,3,3,4,4,3,3,5
90,4,5,5,3,4,4,4,4,3,4,3,1,3,2,5,4,4,3,4,3,4,4,4,5,3,2,4,5,5,5,5,4,5,5,5,4,4,5,3,3,3,4,3,4,3,2,4,2,5,4,4,4,2
91,3,4,4,2,4,4,5,4,4,4,5,1,4,2,5,4,4,4,4,2,4,3,5,5,4,1,5,4,4,5,5,3,5,4,5,5,4,4,5,1,3,4,2,4,2,3,3,3,4,4,1,2,3
92,5,5,5,5,5,5,5,5,5,5,5,5,5,5,5,5,5,5,5,5,5,5,5,5,5,5,5,5,5,5,5,5,5,5,5,5,5,5,5,5,5,5,5,5,5,5,5,5,5,5,5,5,5
93,4,4,4,4,4,4,4,4,4,4,4,4,4,4,4,4,4,4,4,4,4,4,4,4,4,4,4,4,4,4,4,4,4,4,4,4,5,4,4,4,5,4,4,4,4,4,4,4,4,5,4,4,4
94,5,5,5,5,5,5,5,5,5,5,5,5,5,5,5,5,5,5,5,5,5,5,5,5,5,5,5,5,5,5,5,5,5,5,5,5,5,5,5,4,4,4,4,4,4,4,4,4,4,,4,4,4
95,2,5,4,5,4,4,4,4,3,5,4,2,4,2,4,4,3,4,4,3,4,4,4,4,4,3,4,4,4,4,4,3,4,4,4,4,4,4,4,4,4,4,4,4,4,4,2,3,4,4,4,2,3
96,1,1,1,1,1,1,1,1,1,1,1,1,1,2,5,2,2,2,4,4,1,4,5,5,1,1,3,5,4,4,4,2,4,4,4,2,1,4,4,1,1,2,1,2,1,3,1,1,1,3,1,2,3
97,1,1,1,1,1,1,1,1,1,1,1,1,4,1,5,4,3,2,2,4,4,2,4,4,4,3,3,4,4,4,5,3,4,4,4,2,3,5,4,3,3,3,3,2,3,3,4,4,4,4,4,2,3
98,5,5,5,5,5,5,5,5,5,5,5,2,5,4,5,5,5,5,5,4,4,5,5,5,5,4,5,5,5,5,5,5,5,5,5,5,5,5,5,4,3,5,5,4,4,3,5,5,5,5,4,4,4
99,3,4,3,4,4,5,4,3,1,4,4,1,2,2,2,3,4,4,4,4,4,4,4,4,4,2,3,5,3,5,5,5,4,2,5,4,3,3,5,2,2,4,1,2,2,2,3,1,4,2,2,1,2
100,4,5,4,5,4,4,3,5,5,5,5,4,4,4,4,4,4,4,4,4,4,4,4,4,5,4,4,4,4,4,4,4,4,4,4,5,4,4,5,4,4,4,4,4,4,4,4,4,4,4,4,4,4
101,4,3,4,4,3,4,3,3,3,2,3,3,3,3,3,3,3,3,3,3,3,3,3,3,3,3,3,3,3,3,3,3,3,3,3,3,3,3,3,3,3,3,3,3,3,3,3,3,3,3,3,3,3
102,5,4,5,3,4,4,4,4,4,4,5,3,4,4,4,4,3,4,4,4,5,4,4,4,4,3,5,4,5,5,5,4,4,5,4,4,4,4,5,3,3,4,3,3,2,3,2,4,3,3,3,4,4
103,2,2,2,2,2,2,2,2,2,2,2,4,2,4,1,1,4,2,4,2,1,3,2,2,4,1,4,4,4,4,4,4,4,4,4,4,4,4,4,3,1,3,1,3,4,1,4,3,3,4,1,4,4
104,4,5,4,5,5,5,5,5,5,5,5,2,5,3,5,5,5,5,5,4,5,5,5,5,4,3,5,5,5,5,5,5,5,5,5,5,5,5,5,4,5,5,4,2,4,2,5,3,5,5,2,2,2
105,2,4,4,3,5,4,4,4,3,4,4,2,5,3,5,5,4,3,4,3,4,4,5,5,5,1,5,4,4,4,5,4,5,4,5,5,4,5,4,3,3,4,3,3,2,3,4,3,4,4,2,3,4
106,3,3,3,3,3,3,3,3,3,3,3,3,3,3,3,4,5,4,5,5,5,3,3,5,4,3,5,5,5,5,5,5,5,5,5,5,5,5,5,4,3,3,5,3,4,5,3,4,3,3,3,3,4
107,3,3,3,3,3,3,3,3,3,3,3,2,2,3,2,3,3,2,3,2,2,2,3,3,2,1,3,3,3,3,3,3,3,3,3,3,3,3,3,1,1,1,1,1,1,3,1,1,1,3,1,1,1
108,3,3,3,4,3,3,3,4,4,4,4,2,3,3,3,3,3,3,3,3,3,3,3,3,3,3,3,3,3,3,3,3,3,3,3,3,3,3,3,3,4,3,3,3,3,3,4,4,4,4,4,4,3
109,3,4,4,4,4,4,4,4,4,4,4,3,4,2,5,4,4,3,5,2,4,2,4,5,4,2,4,4,3,4,4,4,4,4,4,4,4,4,4,3,5,5,4,4,4,4,4,4,5,5,3,3,3
110,4,4,2,2,4,4,5,5,5,4,4,1,3,3,4,4,4,3,4,2,4,4,5,4,3,2,3,3,4,4,3,3,3,2,2,4,4,3,4,3,3,4,3,3,2,3,4,4,4,4,4,2,3
111,3,3,4,3,4,3,3,3,3,4,3,4,4,3,4,3,4,4,4,3,3,4,4,4,5,3,3,4,3,4,5,3,4,4,4,4,3,4,4,3,3,4,3,2,3,2,2,3,4,3,3,3,2
112,4,5,5,5,5,5,5,5,4,5,5,3,5,5,5,5,5,5,5,3,5,5,5,5,5,4,5,4,5,4,5,5,5,5,4,5,5,5,5,5,4,5,5,5,4,3,4,4,5,5,2,3,3
113,3,4,4,4,3,4,4,3,3,4,4,2,3,3,4,4,4,3,3,3,4,3,4,3,5,3,4,4,4,4,5,4,4,4,4,4,4,4,4,4,3,2,4,3,2,1,4,2,3,3,3,2,1
114,3,5,5,3,5,4,3,4,3,3,2,2,4,1,4,2,3,2,3,2,3,4,4,3,3,1,5,2,5,4,5,4,5,5,4,4,3,4,5,3,3,3,3,2,4,2,4,3,3,3,2,2,1
115,,,,,,,,,,,,,,,,,,,,,,,,,,,,,,,,,,,,,,,,,,,,,,,,,,,,,
116,5,4,5,5,5,5,4,5,5,5,4,4,4,4,5,5,5,5,5,3,5,5,5,5,5,3,5,5,5,5,5,5,5,5,5,5,5,5,5,4,4,4,4,4,4,4,4,4,4,4,4,4,4
117,4,4,4,4,4,4,4,5,3,4,4,2,4,4,4,4,4,5,5,4,4,4,5,5,5,2,4,4,4,4,4,4,4,4,4,4,4,4,4,4,3,4,2,2,4,4,4,4,4,4,4,4,4
118,2,5,4,2,2,4,4,5,2,3,3,1,3,2,3,4,3,3,4,1,3,4,2,3,3,1,5,5,5,5,5,4,5,3,5,5,4,4,5,3,5,5,3,1,3,3,5,3,3,5,3,3,1
119,2,4,5,2,4,4,3,2,2,4,3,1,4,3,4,4,4,3,3,4,4,2,4,4,2,1,3,3,2,5,3,2,4,4,4,4,5,4,4,4,2,3,3,2,4,4,3,2,5,5,3,3,5
120,3,3,3,3,3,3,3,3,4,3,4,3,3,3,3,4,3,3,4,3,3,3,3,4,3,3,3,5,4,4,4,3,4,4,5,3,4,3,4,4,3,3,3,3,3,3,3,3,3,3,3,3,3
121,2,4,4,2,4,4,2,4,3,4,3,2,4,3,4,3,4,4,4,4,4,3,4,4,2,2,3,2,4,4,5,4,5,3,5,4,4,4,4,4,2,2,4,2,4,2,2,4,4,4,4,4,3
122,4,4,4,3,4,4,4,4,4,4,4,3,4,2,4,3,3,3,3,1,3,4,2,4,2,2,3,4,4,4,4,4,4,4,5,2,4,4,4,4,4,4,4,3,3,4,3,3,4,4,3,4,4
123,4,4,3,4,3,4,3,3,2,3,3,2,3,3,5,3,4,3,3,3,3,4,4,4,3,2,5,4,5,4,5,4,3,4,5,5,4,3,3,3,4,3,4,3,3,4,4,4,4,4,3,4,3
124,2,3,2,1,2,1,2,1,2,2,2,2,4,2,5,4,3,3,3,4,4,3,4,4,5,1,5,5,4,4,5,4,5,4,5,5,4,4,4,3,3,3,3,3,3,2,3,3,3,4,3,3,2
125,4,5,5,5,5,5,5,5,3,5,5,3,5,3,5,4,5,4,5,5,5,5,5,5,2,2,5,5,5,5,5,5,5,5,5,5,,5,5,5,5,5,5,3,4,4,5,5,5,5,4,3,5
126,4,5,5,4,5,5,5,5,5,5,4,3,5,4,5,5,5,5,4,4,5,5,5,5,4,3,5,4,5,5,5,5,5,5,5,5,5,5,5,5,4,4,5,4,5,5,5,5,5,5,4,3,5
127,2,3,3,2,2,2,4,3,3,3,2,3,2,2,2,2,3,4,3,4,3,2,3,3,3,4,3,2,3,4,4,4,4,3,4,3,4,2,3,3,2,3,3,4,4,3,2,3,4,3,2,3,2
128,5,5,5,5,5,5,5,5,4,5,5,3,5,3,4,3,4,3,5,5,5,4,5,4,3,3,5,5,5,5,5,3,5,5,5,3,5,5,5,5,4,4,4,5,4,5,5,5,5,5,5,4,5
129,2,3,3,4,,4,4,4,4,4,4,3,3,3,4,3,3,3,5,3,4,5,4,3,4,2,3,4,4,4,4,4,4,4,4,3,3,4,4,3,2,2,2,2,2,2,2,3,3,3,2,2,2
130,3,4,4,4,4,3,3,4,4,4,3,3,3,3,3,3,2,3,4,4,4,3,4,4,5,2,4,4,4,4,5,5,5,5,5,4,4,5,5,4,4,3,4,4,4,5,4,4,4,5,4,4,5
131,4,5,5,2,5,5,4,5,3,5,3,1,5,3,4,4,3,4,4,2,3,4,5,5,5,1,5,5,5,5,5,3,5,5,5,5,5,5,5,5,4,5,5,4,4,4,5,5,5,5,5,5,5
132,3,3,3,3,3,3,3,3,3,3,3,3,3,3,3,3,3,3,3,3,3,3,3,3,3,1,3,3,3,3,3,3,3,3,3,3,3,3,3,3,3,3,3,3,3,3,3,3,3,3,3,3,3
133,4,5,4,5,5,5,5,5,5,5,5,2,3,2,5,3,2,2,5,2,2,2,3,4,5,1,5,5,5,5,5,5,5,5,5,5,5,5,5,4,4,4,4,4,2,4,3,4,4,4,4,4,4
134,4,5,5,5,5,5,4,5,5,4,4,4,5,5,5,5,5,5,5,5,5,5,5,5,4,3,5,5,5,5,5,5,5,5,5,5,5,5,5,5,5,5,4,5,4,5,5,5,5,5,4,4,5
135,,,,,,,,,,,,2,4,4,4,4,5,4,4,4,5,4,5,4,4,1,4,5,5,5,5,5,4,4,5,5,4,5,5,4,3,3,4,4,2,2,3,2,2,4,3,2,4
136,4,5,5,3,5,5,4,5,5,5,5,4,5,4,4,5,5,5,5,5,5,5,5,5,5,4,5,5,5,5,4,5,5,5,5,5,5,5,5,5,5,5,5,4,3,5,5,5,5,4,5,5,5
137,3,3,3,3,4,4,2,4,4,5,3,3,5,4,4,3,4,3,4,3,3,5,3,3,5,2,4,2,4,4,5,4,5,4,5,3,4,4,5,3,3,2,3,4,3,4,2,3,3,4,3,2,3
138,4,5,3,4,4,4,4,4,4,5,4,4,4,4,4,4,2,4,2,4,4,4,4,5,3,2,5,4,5,5,5,2,5,5,4,3,4,5,4,3,4,4,4,4,4,4,4,4,4,4,4,4,4
139,5,5,5,5,5,5,5,5,5,5,5,2,5,5,5,5,5,5,5,5,5,5,5,5,5,5,5,2,5,5,5,5,5,5,5,5,5,5,5,5,5,5,5,5,5,5,5,5,5,5,5,5,5
140,4,4,4,4,4,4,4,4,4,4,4,4,4,4,4,4,4,4,4,4,4,4,4,4,4,4,4,4,4,4,4,4,4,4,4,4,4,4,4,3,4,4,3,3,4,4,4,3,4,4,4,3,4
141,3,4,3,4,3,4,3,4,4,2,2,1,4,3,4,2,4,2,2,1,4,3,4,3,4,2,3,4,4,4,5,3,4,3,5,3,4,4,4,3,3,3,4,4,3,4,3,4,4,4,3,3,3
142,5,5,5,5,5,5,5,5,5,5,5,3,5,3,5,5,4,5,5,5,5,5,5,4,4,3,5,5,5,5,5,5,5,5,5,5,5,5,5,4,4,4,4,4,3,4,4,4,3,3,4,3,4
143,3,5,3,3,4,4,3,3,3,4,4,1,3,1,4,3,3,2,4,2,3,3,4,4,4,1,4,4,4,4,4,4,4,4,5,3,4,4,4,2,2,3,2,2,3,3,3,3,3,4,4,2,2
144,3,3,3,3,3,3,3,3,3,3,3,3,3,3,3,3,3,3,3,3,3,3,3,3,3,3,3,3,3,3,3,3,3,3,3,3,3,3,3,3,3,3,3,3,3,3,3,3,3,3,3,3,3
145,3,,4,4,4,5,4,4,4,4,4,3,5,4,5,4,4,4,4,,4,5,5,4,5,4,5,5,5,5,5,5,4,4,5,5,5,5,5,4,4,4,2,4,3,4,4,4,4,4,,3,4
146,4,4,3,3,4,3,3,3,3,3,3,3,3,4,4,4,3,3,4,5,4,3,4,5,5,3,4,4,1,4,3,,3,5,4,4,3,4,5,5,5,5,4,4,5,5,5,5,,5,,5,5
147,4,4,4,4,4,4,4,4,4,4,4,2,4,2,4,4,4,4,4,5,3,4,4,3,4,2,4,,4,4,4,3,4,4,4,4,4,4,4,3,3,3,4,3,4,5,3,3,4,4,3,3,5
148,2,5,4,4,4,2,2,4,3,2,2,1,3,2,3,3,4,4,1,2,1,3,4,3,4,1,2,4,4,3,4,4,2,5,4,1,2,3,2,4,2,2,4,2,4,3,4,2,4,1,4,2,2
149,4,3,4,3,3,3,4,4,4,4,4,3,4,3,3,4,4,4,4,4,4,3,4,4,4,4,4,4,4,3,4,4,4,4,4,4,4,4,4,4,4,4,3,4,3,4,4,4,4,4,4,4,3
150,3,4,3,3,3,3,3,4,3,3,1,1,3,1,3,4,2,3,3,2,3,1,3,3,5,1,3,2,3,3,4,,3,,3,,3,3,3,4,3,3,3,3,4,2,4,3,4,4,3,3,2
151,5,5,5,5,5,5,5,5,5,5,5,5,5,5,5,5,5,5,5,5,5,5,5,5,5,5,5,5,5,5,5,5,5,5,5,5,5,5,5,5,5,5,5,5,4,5,5,5,5,5,5,4,5
152,5,5,5,5,5,5,5,5,5,5,5,3,4,3,5,4,4,4,5,4,4,5,5,5,4,3,5,5,5,4,5,5,5,5,5,4,5,5,5,5,5,5,5,5,5,5,5,5,5,5,5,5,5
153,5,4,4,4,4,4,3,4,2,4,3,3,3,4,5,3,4,4,4,4,4,4,4,4,4,2,4,3,4,4,3,3,3,4,4,4,4,4,4,4,4,3,5,3,4,4,4,4,4,4,4,4,4
154,3,5,5,4,5,5,5,5,5,5,5,4,5,3,5,4,5,4,5,5,4,5,5,5,5,3,5,4,5,5,5,5,5,5,5,5,5,5,5,5,5,5,5,5,1,5,5,5,5,5,2,3,5
155,3,3,3,3,3,3,3,3,3,3,3,3,3,3,3,3,3,3,3,3,3,3,3,3,3,3,4,4,4,4,4,3,4,4,4,3,3,4,4,3,3,3,3,3,3,3,3,3,3,3,3,3,3
156,4,4,4,4,4,4,4,4,3,4,4,2,3,2,4,2,3,3,2,2,3,4,3,3,4,2,4,4,4,4,4,4,5,4,4,4,4,4,4,3,3,3,3,3,3,3,3,3,3,3,3,3,3
157,4,4,5,5,5,4,4,5,4,4,4,5,5,5,5,5,5,5,5,5,5,5,5,5,5,3,5,4,5,5,5,5,5,5,5,5,5,5,4,4,4,4,4,4,4,4,4,4,4,4,4,4,4
158,4,2,3,3,4,4,3,4,3,4,2,2,2,2,4,4,4,2,4,2,2,2,2,4,4,2,4,4,4,4,4,4,4,4,4,4,2,4,4,5,4,4,4,2,3,2,4,4,4,4,4,4,2
159,5,5,5,5,5,5,5,5,5,5,5,5,5,5,5,5,5,5,5,5,5,5,5,5,5,4,5,5,5,5,5,5,5,5,5,5,5,5,5,5,5,5,5,5,5,5,5,5,5,5,5,5,5
160,,,,,,,,,,,,2,2,2,4,3,3,2,2,2,2,4,3,3,5,2,,,,,,,,,,,,,,,,,4,,,,,,,,,,
161,2,4,3,4,3,4,4,4,4,4,3,2,3,2,4,2,2,2,2,4,2,3,2,3,4,2,4,3,4,4,4,3,4,4,4,3,4,4,4,4,4,3,4,3,4,4,4,4,4,4,4,2,4
162,4,3,2,2,4,3,3,4,3,3,2,3,3,3,3,3,3,3,3,3,3,3,3,3,3,3,4,4,2,4,4,2,3,3,2,4,3,2,4,3,3,3,3,3,3,3,3,3,3,3,3,3,3
163,3,4,4,3,3,4,3,4,4,5,3,3,2,2,3,3,4,1,3,2,4,4,4,5,3,2,3,4,4,4,3,3,4,3,4,3,3,3,4,3,2,3,3,2,3,3,2,2,3,4,3,3,3
164,2,3,4,2,4,4,4,2,3,4,3,2,3,3,5,3,4,4,4,4,4,,5,4,2,1,4,4,4,4,5,3,4,5,4,3,1,4,4,4,3,5,4,3,4,3,4,2,4,4,4,3,3
165,2,5,4,3,4,5,4,4,3,4,2,1,4,2,2,2,3,3,4,4,2,4,3,5,4,2,5,4,5,5,5,4,5,5,3,4,4,5,5,2,2,4,3,3,1,3,4,4,4,4,1,2,4
166,3,3,3,3,3,3,3,3,3,3,3,3,4,1,5,4,4,1,5,4,4,4,4,5,5,1,4,5,4,4,4,4,4,4,4,4,4,4,4,1,1,3,1,1,1,3,2,1,1,3,1,1,4
167,3,3,3,3,3,3,3,3,3,3,3,3,3,3,3,3,3,3,3,3,3,3,3,3,3,3,3,3,3,3,3,3,3,3,3,3,3,3,3,3,3,3,3,3,3,3,3,3,3,3,3,3,3
168,4,4,4,4,4,4,4,4,4,4,4,3,4,3,4,4,3,4,5,5,4,5,4,5,4,3,5,4,4,5,5,5,5,5,5,4,4,5,5,4,4,4,4,4,4,4,4,4,4,4,4,4,4
169,5,5,5,5,5,5,5,5,5,5,5,5,5,5,,5,5,5,5,5,5,5,5,5,5,5,4,5,5,5,5,5,5,5,5,5,5,5,5,4,4,4,3,4,5,4,4,4,4,5,4,4,5
170,4,4,4,4,4,4,3,3,3,4,3,3,4,3,3,3,4,3,5,3,4,4,4,5,3,2,5,3,4,4,4,4,5,3,5,5,3,4,4,4,3,5,4,4,4,3,3,3,4,5,4,4,3
171,5,5,5,5,5,5,5,5,5,5,5,5,5,5,5,5,5,5,5,5,5,5,5,5,5,5,5,5,5,5,5,5,5,5,5,5,5,5,5,5,5,5,5,5,5,5,5,5,5,5,5,5,5
172,4,2,4,4,2,3,3,3,4,4,4,1,3,2,3,3,4,2,2,3,2,3,2,3,2,2,4,5,5,5,3,4,5,4,5,3,4,4,5,3,3,3,4,3,3,5,3,3,4,5,4,4,3
173,2,4,4,3,4,4,4,5,3,,4,3,4,4,4,4,4,3,4,4,4,4,3,4,4,3,3,4,4,5,5,3,5,4,5,3,4,4,4,,,,,,,,,,,,,3,
174,2,3,2,2,2,2,2,2,2,2,2,2,2,2,3,2,2,2,3,2,3,2,3,3,2,2,2,2,4,2,4,4,4,4,3,2,3,4,4,3,3,3,3,2,3,2,4,3,3,4,3,3,4
175,5,5,5,5,5,5,5,5,5,5,5,4,5,5,5,5,5,5,5,5,5,5,5,5,5,5,5,5,5,5,5,5,5,5,5,5,5,5,5,4,5,5,5,4,4,5,5,4,5,5,3,4,5
176,4,4,4,4,5,4,5,3,4,4,3,3,4,3,4,4,4,3,4,4,4,5,4,4,4,3,5,5,5,5,5,5,5,5,5,4,5,5,5,4,4,4,4,3,3,4,3,4,4,4,3,4,4
177,4,4,2,1,3,4,3,4,3,4,3,3,4,2,5,3,4,4,4,2,3,4,4,4,5,1,3,3,3,3,3,3,3,3,3,3,3,3,3,2,1,3,3,1,1,1,4,1,3,1,1,1,1
178,3,3,3,3,4,3,3,4,4,4,4,5,4,5,3,4,4,3,5,4,4,3,4,3,4,5,3,4,4,5,4,4,5,3,5,3,4,3,5,4,4,4,4,4,3,2,4,4,3,4,3,4,3
179,3,3,3,3,3,3,3,3,3,3,3,3,3,3,3,3,3,3,3,3,3,3,3,3,3,3,3,3,3,3,3,3,3,3,3,3,3,3,3,3,3,2,3,3,3,3,3,3,3,3,3,3,3
180,4,4,4,3,4,4,3,4,3,4,3,3,4,3,5,4,5,4,5,3,4,5,5,4,5,3,5,5,4,5,5,5,5,5,5,5,5,5,5,5,4,5,4,3,5,3,5,5,5,4,5,3,4
181,4,4,5,5,5,5,5,5,3,5,4,2,4,2,5,4,5,1,5,5,4,3,5,5,5,2,5,5,5,5,5,5,5,5,5,5,5,5,5,5,4,4,5,4,4,5,5,5,5,5,4,3,5
182,5,5,5,5,5,5,5,5,5,5,5,5,5,5,5,5,5,5,5,5,5,5,5,5,5,5,5,5,5,5,5,5,5,5,5,5,5,5,5,5,5,5,5,5,5,5,5,5,5,5,5,5,5
183,3,5,3,3,3,5,5,3,3,5,3,3,5,3,5,5,5,3,5,3,5,5,5,5,3,3,3,5,5,5,5,3,5,5,5,3,5,5,5,4,3,4,3,3,3,4,4,4,4,5,3,3,3
184,5,5,5,5,5,5,5,5,5,5,5,5,5,5,5,5,5,5,5,5,5,5,5,5,5,4,5,5,5,5,5,5,5,4,5,5,5,5,5,5,5,4,5,4,4,4,5,4,4,5,4,4,5
185,3,3,3,4,3,3,3,4,3,4,3,3,4,4,4,4,4,4,4,5,4,4,4,4,4,3,4,4,4,4,4,4,4,4,4,4,3,5,4,2,2,3,3,3,3,4,4,4,4,4,3,2,5
186,5,5,5,5,5,5,5,5,5,5,4,3,5,4,5,3,4,4,4,5,4,4,5,5,4,3,5,5,5,5,5,5,5,5,5,5,5,5,5,5,5,5,3,3,4,5,5,5,5,4,4,5,3
187,5,5,5,5,5,5,5,5,5,5,5,4,5,4,5,5,5,5,5,5,5,5,5,5,5,5,5,5,5,5,5,5,5,4,5,5,5,5,4,5,5,5,5,5,2,4,5,4,5,5,1,3,5
188,3,4,2,3,4,4,4,4,4,4,4,2,3,2,4,4,4,3,4,3,3,4,4,4,4,1,4,3,5,3,5,4,5,5,5,3,5,5,5,4,3,3,3,3,3,5,5,3,5,5,2,2,3
189,3,3,3,3,3,3,3,3,3,3,3,3,3,3,3,3,3,3,3,3,3,3,3,3,3,3,3,3,3,3,3,3,3,3,3,3,3,3,3,3,3,2,4,4,4,3,3,2,4,4,3,3,2
190,3,3,3,3,4,4,4,4,2,4,4,1,3,3,4,5,3,2,4,4,4,4,4,5,2,2,3,3,3,4,4,2,4,4,4,4,3,4,4,4,5,3,5,4,3,4,5,4,5,5,4,5,5
191,3,4,3,3,3,3,3,3,3,3,3,2,3,2,3,3,3,3,4,3,3,3,4,4,3,2,3,4,4,4,5,3,4,4,4,4,4,4,4,4,4,4,4,4,4,4,4,4,4,4,4,4,4
192,3,3,3,3,3,3,3,3,3,3,3,3,3,4,4,3,4,3,3,4,3,3,3,4,4,4,4,4,4,3,4,4,3,3,4,3,3,3,3,3,3,4,4,4,3,3,4,4,4,4,3,3,3
#REF!,5,5,5,5,5,5,5,5,5,5,5,5,5,5,5,5,5,5,5,5,5,5,5,5,5,5,5,5,5,5,5,5,5,5,5,5,5,5,5,5,5,5,5,5,5,5,5,5,5,5,5,5,5
#REF!,4,4,4,3,3,4,4,4,4,3,4,3,4,3,4,3,4,4,4,3,4,4,4,4,4,3,3,4,4,4,4,3,3,4,4,3,4,4,4,4,4,3,3,4,3,3,3,3,4,4,3,3,3
